,mean,std
accuracy,0.5847343598279928,0.03394779539029884
precision,0.6611093295565666,0.13785645555314335
recall,0.3235338934421748,0.2024173187276938
f1-score,0.401035570520262,0.15492543693729605
